{"cameraMode":{"drawMode":0,"name":"Shaded","section":"Shading Mode"},"sceneLighting":true,"audioPlay":false,"sceneViewState":{"showFog":true,"showMaterialUpdate":false,"showSkybox":true,"showFlares":true,"showImageEffects":true,"showParticleSystems":true},"in2DMode":false,"pivot":{"x":162.56590270996095,"y":-168.43734741210938,"z":-86.84921264648438},"rotation":{"x":-0.10914479196071625,"y":0.7653565406799316,"z":-0.13477684557437898,"w":-0.6198000311851502},"size":128.2197265625,"orthographic":false}