{"cameraMode":{"drawMode":0,"name":"Shaded","section":"Shading Mode"},"sceneLighting":true,"audioPlay":false,"sceneViewState":{"showFog":true,"showMaterialUpdate":false,"showSkybox":true,"showFlares":true,"showImageEffects":true,"showParticleSystems":true},"in2DMode":false,"pivot":{"x":43.28120422363281,"y":53.047576904296878,"z":87.18421936035156},"rotation":{"x":-0.10914479196071625,"y":0.7653565406799316,"z":-0.13477684557437898,"w":-0.6198000311851502},"size":419.078857421875,"orthographic":false}