{"cameraMode":{"drawMode":0,"name":"Shaded","section":"Shading Mode"},"sceneLighting":true,"audioPlay":false,"sceneViewState":{"showFog":true,"showMaterialUpdate":false,"showSkybox":true,"showFlares":true,"showImageEffects":true,"showParticleSystems":true},"in2DMode":false,"pivot":{"x":-91.46009826660156,"y":-14.518829345703125,"z":19.793853759765626},"rotation":{"x":-0.08676807582378388,"y":0.8295976519584656,"z":-0.13456933200359345,"w":-0.5349108576774597},"size":1010.8263549804688,"orthographic":false}