{"cameraMode":{"drawMode":0,"name":"Shaded","section":"Shading Mode"},"sceneLighting":true,"audioPlay":false,"sceneViewState":{"showFog":true,"showMaterialUpdate":false,"showSkybox":true,"showFlares":true,"showImageEffects":true,"showParticleSystems":true},"in2DMode":false,"pivot":{"x":-60.1060676574707,"y":34.97431945800781,"z":-89.36614990234375},"rotation":{"x":-0.08676807582378388,"y":0.8295976519584656,"z":-0.13456933200359345,"w":-0.5349108576774597},"size":356.04217529296877,"orthographic":false}