{"cameraMode":{"drawMode":0,"name":"Shaded","section":"Shading Mode"},"sceneLighting":true,"audioPlay":false,"sceneViewState":{"showFog":true,"showMaterialUpdate":false,"showSkybox":true,"showFlares":true,"showImageEffects":true,"showParticleSystems":true},"in2DMode":false,"pivot":{"x":-66.50787353515625,"y":47.52410888671875,"z":101.52066040039063},"rotation":{"x":-0.08676807582378388,"y":0.8295976519584656,"z":-0.13456933200359345,"w":-0.5349108576774597},"size":1086.76171875,"orthographic":false}